{"cameraMode":{"drawMode":0,"name":"Shaded","section":"Shading Mode"},"sceneLighting":true,"audioPlay":false,"sceneViewState":{"m_AlwaysRefresh":false,"showFog":true,"showSkybox":true,"showFlares":true,"showImageEffects":true,"showParticleSystems":true,"showVisualEffectGraphs":true,"m_FxEnabled":true},"in2DMode":false,"pivot":{"x":22.259326934814454,"y":-4.8110551834106449,"z":19.39159393310547},"rotation":{"x":-0.04570453613996506,"y":0.9513031244277954,"z":-0.17341257631778718,"w":-0.2507249712944031},"size":11.931135177612305,"orthographic":false}